{"metadata":{"asset_id":"5e9fdeb7-55fd-49a4-a65b-a6a868e64428","asset_attributes":["data_asset"],"name":"5_6082394657231208689.csv","asset_type":"data_asset","created_at":"2020-10-27T19:27:05Z","description":"","origin_country":"us","owner_id":"IBMid-5500091H9M","project_id":"0366efc5-0d27-47e5-8a73-6b3f5f957023","size":12695,"tags":[],"usage":{"last_update_time":1603826826758,"last_updated_at":"2020-10-27T19:27:06Z"}},"entity":{"data_asset":{"mime_type":"text/csv","dataset":false}},"attachments":[{"id":"d2632808-982c-45be-b248-38af5f33605d","version":2,"asset_type":"data_asset","name":"5_6082394657231208689.csv","mime":"text/csv","datasource_type":"193a97c1-4475-4a19-b90c-295c4fdc6517","object_key":"5_6082394657231208689.csv","creator_id":"IBMid-5500091H9M","create_time":1603826826757,"size":12695,"is_remote":false,"is_managed":false,"is_referenced":true,"is_object_key_read_only":true,"is_user_provided_path_key":true,"transfer_complete":true,"is_partitioned":false,"complete_time_ticks":1603826826757,"user_data":{},"test_doc":0,"handle":{"bucket":"iot-donotdelete-pr-gw4vthgml7tifq","location":"us-geo","key":"5_6082394657231208689.csv","upload_id":"done","max_part_num":1},"usage":{"access_count":0,"last_accessor_id":"IBMid-5500091H9M","last_access_time":1603826826757}}]}
