{"metadata":{"asset_id":"33542169-6cc4-4053-8e25-4f73bbbdfd79","asset_attributes":["wml_model"],"name":"iott - P1 RandomForestClassifierEstimator","asset_type":"wml_model","created_at":"2020-10-27T20:05:31Z","description":"rain","origin_country":"us","owner_id":"IBMid-5500091H9M","project_id":"0366efc5-0d27-47e5-8a73-6b3f5f957023","sandbox_id":"0366efc5-0d27-47e5-8a73-6b3f5f957023","size":43767,"tags":[],"usage":{"last_update_time":1603829143319,"last_updated_at":"2020-10-27T20:05:43Z"}},"entity":{"wml_model":{"hybrid_pipeline_software_specs":[{"base_id":"632d4b22-10aa-5180-88f0-f52dfb6444d7","name":"autoai-kb_3.1-py3.7"}],"pipeline":{"id":"8421b234-c8ed-45c4-91ce-445a9c536bcd"},"ml_version":"4.0.2","type":"wml-hybrid_0.1","schemas":{"input":[{"fields":[{"name":"temperature","type":"integer"},{"name":"humidity","type":"integer"},{"name":"wind","type":"integer"}],"id":"auto_ai_kb_input_schema"}],"output":[]},"content_location":{"connection":{"access_key_id":"6fe1e4e67eeb420ea4e442eac4ab6a04","endpoint_url":"https://s3-api.us-geo.objectstorage.softlayer.net","secret_access_key":"010f4267d2689fe7b9135e2dca7bd675a725a9e396b93956","accessKeyId":"6fe1e4e67eeb420ea4e442eac4ab6a04"},"contents":[{"content_format":"native","file_name":"pipeline_model.json","location":"auto_ml/3d82582a-a653-4fce-8912-51a84287c4cd/wml_data/e86ffa43-a41d-462f-843a-940f2fd804e2/assets/e86ffa43-a41d-462f-843a-940f2fd804e2_P1_pre_hpo_d_output/resources/wml_model/pipeline_model.json"},{"content_format":"pipeline-node","file_name":"P1_automl.zip","location":"auto_ml/3d82582a-a653-4fce-8912-51a84287c4cd/wml_data/e86ffa43-a41d-462f-843a-940f2fd804e2/assets/e86ffa43-a41d-462f-843a-940f2fd804e2_P1_pre_hpo_d_output/resources/wml_model/P1_automl.zip","pipeline_node_id":"automl"},{"content_format":"native","file_name":"pipeline_model.json","location":"auto_ml/3d82582a-a653-4fce-8912-51a84287c4cd/wml_data/e86ffa43-a41d-462f-843a-940f2fd804e2/assets/e86ffa43-a41d-462f-843a-940f2fd804e2_P1_pre_hpo_d_output/resources/wml_model/pipeline_model.json"}],"location":{"path":"auto_ml/3d82582a-a653-4fce-8912-51a84287c4cd/wml_data","training":"auto_ml/3d82582a-a653-4fce-8912-51a84287c4cd/wml_data/e86ffa43-a41d-462f-843a-940f2fd804e2","training_status":"auto_ml/3d82582a-a653-4fce-8912-51a84287c4cd/wml_data/e86ffa43-a41d-462f-843a-940f2fd804e2/training-status.json","bucket":"iot-donotdelete-pr-gw4vthgml7tifq","type":"s3","assets_path":"auto_ml/3d82582a-a653-4fce-8912-51a84287c4cd/wml_data/e86ffa43-a41d-462f-843a-940f2fd804e2/assets"},"type":"s3"},"training_data_references":[{"connection":{"endpoint_url":"https://s3-api.us-geo.objectstorage.softlayer.net","auth_endpoint":"https://iam.bluemix.net/oidc/token/","api_key":"KgVGms7LR3GqqQPvldPof4tc9GO-eSkstQ-rDK7f6FFj","secret_access_key":"010f4267d2689fe7b9135e2dca7bd675a725a9e396b93956","access_key_id":"6fe1e4e67eeb420ea4e442eac4ab6a04","service_instance_id":"iam-ServiceId-d70208a8-5654-4f18-9fd2-ebc30800943e"},"location":{"bucket":"iot-donotdelete-pr-gw4vthgml7tifq","path":"5_6082394657231208689.csv","type":"s3"},"type":"s3"}],"software_spec":{"base_id":"8c1a58c6-62b5-4dc4-987a-df751c2756b6","name":"hybrid_0.1"},"content_import_state":"completed"}},"attachments":[{"id":"91199cad-a447-4bcd-b5ff-e417f6fff104","version":2,"asset_type":"wml_model","name":"P1_automl.zip","datasource_type":"193a97c1-4475-4a19-b90c-295c4fdc6517","creator_id":"IBMid-5500091H9M","create_time":1603829136538,"size":42258,"is_remote":false,"is_managed":true,"is_referenced":false,"is_object_key_read_only":false,"is_user_provided_path_key":false,"transfer_complete":true,"is_partitioned":false,"complete_time_ticks":1603829138696,"user_data":{"content_format":"pipeline-node","pipeline_node_id":"automl"},"test_doc":0,"handle":{"bucket":"iot-donotdelete-pr-gw4vthgml7tifq","location":"us-geo","type":"bluemix_cos","key":"094cb4c6-6a0d-4102-85e7-6bd374076aa6/33542169-6cc4-4053-8e25-4f73bbbdfd79/91199cad-a447-4bcd-b5ff-e417f6fff104","upload_id":"done","max_part_num":1},"usage":{"access_count":0,"last_accessor_id":"IBMid-5500091H9M","last_access_time":1603829136538}},{"id":"f8fef6e4-1c8b-4d85-8bea-5695f8484c09","version":2,"asset_type":"wml_model","name":"pipeline_model.json","datasource_type":"193a97c1-4475-4a19-b90c-295c4fdc6517","creator_id":"IBMid-5500091H9M","create_time":1603829141119,"size":1509,"is_remote":false,"is_managed":true,"is_referenced":false,"is_object_key_read_only":false,"is_user_provided_path_key":false,"transfer_complete":true,"is_partitioned":false,"complete_time_ticks":1603829143148,"user_data":{"content_format":"native"},"test_doc":0,"handle":{"bucket":"iot-donotdelete-pr-gw4vthgml7tifq","location":"us-geo","type":"bluemix_cos","key":"094cb4c6-6a0d-4102-85e7-6bd374076aa6/33542169-6cc4-4053-8e25-4f73bbbdfd79/f8fef6e4-1c8b-4d85-8bea-5695f8484c09","upload_id":"done","max_part_num":1},"usage":{"access_count":0,"last_accessor_id":"IBMid-5500091H9M","last_access_time":1603829141119}}]}
