{"metadata":{"asset_id":"8421b234-c8ed-45c4-91ce-445a9c536bcd","asset_attributes":["wml_pipeline"],"name":"iott","asset_type":"wml_pipeline","created_at":"2020-10-27T19:27:59Z","description":"","origin_country":"us","owner_id":"IBMid-5500091H9M","project_id":"0366efc5-0d27-47e5-8a73-6b3f5f957023","sandbox_id":"0366efc5-0d27-47e5-8a73-6b3f5f957023","size":0,"tags":["dsx-project.0366efc5-0d27-47e5-8a73-6b3f5f957023"],"usage":{"last_update_time":1603826879145,"last_updated_at":"2020-10-27T19:27:59Z"}},"entity":{"wml_pipeline":{"document":{"doc_type":"pipeline","pipelines":[{"id":"autoai","nodes":[{"id":"automl","op":"kube","parameters":{"input_file_separator":",","optimization":{"compute_pipeline_notebooks_flag":true,"daub_adaptive_subsampling_max_mem_usage":15000000000,"holdout_param":0.1,"label":"Rainfall","learning_type":"classification","max_num_daub_ensembles":2,"positive_label":1,"run_cognito_flag":true,"scorer_for_ranking":"accuracy"},"output_logs":true,"stage_flag":true},"runtime_ref":"autoai","type":"execution_node"}],"runtime_ref":"hybrid"}],"primary_pipeline":"autoai","runtimes":[{"app_data":{"wml_data":{"hardware_spec":{"base_id":"a6c4923b-b8e4-444c-9f43-8a7ec3020110","name":"L"}}},"id":"autoai","name":"auto_ai.kb"}],"version":"2.0"},"ml_version":"4.0.0"}}}
